id;scene;timestamp;x;y;z;rx;ry;rz
2;6;1773010212538;0.22;0;-13;0;0;0
2;6;1773010212731;0.2691338;1.062648;-13.30869;355.6329;358.6899;355.0126
2;6;1773010212790;0.2690432;1.062694;-13.30879;355.6191;358.7024;355.0159
2;6;1773010212847;0.2690923;1.062682;-13.30879;355.6033;358.6748;355.0346
2;6;1773010212901;0.2691258;1.062592;-13.30866;355.6273;358.6666;354.9979
2;6;1773010212959;0.2690766;1.062579;-13.3086;355.6468;358.6829;355.022
2;6;1773010213014;0.2690399;1.062588;-13.30853;355.65;358.6918;355.0564
2;6;1773010213070;0.268958;1.062603;-13.3084;355.6571;358.6898;355.0371
2;6;1773010213125;0.2688453;1.062501;-13.30847;355.7123;358.6399;355.0485
2;6;1773010213182;0.2687706;1.062665;-13.30852;355.6534;358.6199;355.0469
2;6;1773010213237;0.2687333;1.062647;-13.30854;355.6338;358.6271;355.0537
2;6;1773010213292;0.2687835;1.062591;-13.30861;355.6746;358.6592;355.0593
2;6;1773010213348;0.2687879;1.062624;-13.30857;355.6126;358.6829;355.0809
2;6;1773010213404;0.2687989;1.062587;-13.30849;355.6593;358.6477;355.0556
2;6;1773010213460;0.2687304;1.062525;-13.30838;355.6891;358.6566;355.0705
2;6;1773010213515;0.2686952;1.062497;-13.30835;355.6777;358.6524;355.0653
2;6;1773010213571;0.2687876;1.062597;-13.30838;355.6516;358.6366;355.073
2;6;1773010213626;0.2687535;1.062698;-13.30844;355.6284;358.6352;355.0723
2;6;1773010213781;0.2686554;1.062756;-13.30859;355.6017;358.6226;355.0833
2;6;1773010213834;0.2687156;1.062783;-13.30861;355.5895;358.6349;355.0604
2;6;1773010213890;0.2687196;1.062818;-13.30858;355.5706;358.632;355.084
2;6;1773010213946;0.2687241;1.062773;-13.30858;355.6215;358.6199;355.0641
2;6;1773010214002;0.2687584;1.062776;-13.30863;355.5887;358.6255;355.0597
2;6;1773010214057;0.2686757;1.062869;-13.30861;355.5664;358.609;355.0817
2;6;1773010214112;0.2686574;1.062839;-13.30881;355.5648;358.6122;355.0735
2;6;1773010214168;0.2686421;1.062812;-13.30867;355.5586;358.6133;355.0912
2;6;1773010214224;0.2686242;1.062753;-13.30861;355.5849;358.605;355.0768
2;6;1773010214280;0.2685681;1.062677;-13.30859;355.6151;358.6059;355.0984
2;6;1773010214334;0.268445;1.062644;-13.30862;355.6425;358.6001;355.1062
2;6;1773010214390;0.268467;1.062664;-13.30864;355.6364;358.5881;355.1075
2;6;1773010214447;0.2684211;1.062661;-13.30869;355.62;358.5822;355.1163
2;6;1773010214502;0.2684418;1.06264;-13.30884;355.5817;358.5727;355.118
2;6;1773010214558;0.2685121;1.062698;-13.30887;355.5738;358.5754;355.1068
2;6;1773010214613;0.2685677;1.062713;-13.30889;355.5299;358.6103;355.0893
2;6;1773010214668;0.2685681;1.062671;-13.30904;355.5481;358.6164;355.1006
2;6;1773010214780;0.26858;1.062718;-13.309;355.5505;358.6204;355.0762
2;6;1773010214835;0.2685885;1.062683;-13.30903;355.5785;358.6343;355.0461
2;6;1773010214892;0.2685369;1.062638;-13.30904;355.5686;358.5785;355.0769
2;6;1773010214947;0.2685049;1.062732;-13.30905;355.5343;358.5734;355.0662
2;6;1773010215001;0.2685356;1.062788;-13.30912;355.5299;358.5734;355.0583
2;6;1773010215058;0.2685683;1.062753;-13.30915;355.53;358.6218;355.0671
2;6;1773010215114;0.2685709;1.062799;-13.30914;355.499;358.6347;355.0464
2;6;1773010215168;0.268531;1.062775;-13.30914;355.5227;358.6279;355.0564
2;6;1773010215225;0.2684459;1.062766;-13.30921;355.5261;358.6263;355.0534
2;6;1773010215279;0.2683715;1.062769;-13.30929;355.5196;358.609;355.051
2;6;1773010215335;0.2683647;1.062785;-13.30931;355.5061;358.6162;355.0387
2;6;1773010215391;0.2682767;1.062844;-13.30939;355.4823;358.6332;355.07
2;6;1773010215446;0.2682862;1.062894;-13.3095;355.4768;358.6152;355.0703
2;6;1773010215503;0.2683302;1.062936;-13.30961;355.4336;358.5948;355.0663
2;6;1773010215557;0.2683871;1.06296;-13.30959;355.4188;358.5994;355.0603
2;6;1773010215614;0.2684933;1.063057;-13.30955;355.3988;358.664;355.0073
2;6;1773010215668;0.2686189;1.063058;-13.30954;355.3976;358.6876;354.9839
2;6;1773010215782;0.268673;1.063051;-13.30955;355.424;358.6708;355.011
2;6;1773010215835;0.2686886;1.063184;-13.30956;355.3676;358.6411;355.0071
2;6;1773010215892;0.2687393;1.063166;-13.30963;355.3544;358.6689;355.0024
2;6;1773010215947;0.2687599;1.063183;-13.30961;355.3116;358.7184;355.0389
2;6;1773010216002;0.2687316;1.063158;-13.30955;355.3438;358.7411;355.0063
2;6;1773010216058;0.2686673;1.063052;-13.30956;355.3602;358.7143;355.025
2;6;1773010216114;0.2686114;1.063096;-13.30948;355.3683;358.7052;355.0129
2;6;1773010216169;0.2686468;1.063094;-13.30945;355.3536;358.7007;355.0259
2;6;1773010216224;0.2686259;1.063125;-13.30947;355.3241;358.7073;355.0334
2;6;1773010216280;0.2685535;1.063278;-13.30945;355.1666;358.6957;355.0377
2;6;1773010216335;0.2684058;1.064018;-13.30942;354.7126;358.5124;354.9734
2;6;1773010216391;0.2682797;1.064234;-13.30979;354.6159;358.4266;354.9872
2;6;1773010216447;0.268407;1.064186;-13.31026;354.6713;358.4984;355.0243
2;6;1773010216503;0.2685867;1.064283;-13.31039;354.6107;358.6502;354.9832
2;6;1773010216557;0.2687406;1.064242;-13.31054;354.629;358.7165;354.9969
2;6;1773010216614;0.2687651;1.064197;-13.31053;354.5928;358.7069;354.9976
2;6;1773010216670;0.2687224;1.064214;-13.31043;354.6307;358.5927;355.0029
2;6;1773010216782;0.2685321;1.064132;-13.31046;354.6608;358.5575;355.0233
2;6;1773010216836;0.2685536;1.063872;-13.31012;354.7637;358.5922;355.0225
2;6;1773010216892;0.2685885;1.063706;-13.31015;354.8115;358.6205;355.0566
2;6;1773010216947;0.2684592;1.063661;-13.31026;354.82;358.5958;355.0454
2;6;1773010217003;0.2682837;1.063682;-13.31034;354.7828;358.5439;355.0637
2;6;1773010217058;0.2681514;1.063732;-13.31048;354.7458;358.5338;355.0746
2;6;1773010217114;0.2680872;1.063761;-13.31052;354.7245;358.5413;355.0818
2;6;1773010217168;0.2680945;1.063857;-13.31062;354.7078;358.5657;355.1067
2;6;1773010217225;0.2681462;1.063845;-13.31066;354.7144;358.5456;355.1061
2;6;1773010217281;0.2682627;1.063863;-13.31067;354.7385;358.5724;355.0604
2;6;1773010217336;0.2684774;1.063843;-13.31058;354.762;358.5822;355.0265
2;6;1773010217391;0.2685433;1.063733;-13.31062;354.8431;358.6028;355.0387
2;6;1773010217447;0.2685789;1.063746;-13.31048;354.8054;358.5924;355.0055
2;6;1773010217503;0.2686713;1.063768;-13.31045;354.7853;358.5774;355.0101
2;6;1773010217558;0.2686739;1.063693;-13.31047;354.8525;358.6021;355.0023
2;6;1773010217614;0.2686614;1.063713;-13.31039;354.83;358.6261;355.0316
2;6;1773010217670;0.2685763;1.063696;-13.31032;354.8789;358.6153;354.9834
2;6;1773010217796;0.2683037;1.063624;-13.31028;354.8929;358.5967;355.0181
2;6;1773010217850;0.2681161;1.063573;-13.31038;354.9173;358.5622;355.0284
2;6;1773010217905;0.2681389;1.063655;-13.31044;354.9155;358.5514;355.0312
2;6;1773010217962;0.2680078;1.063657;-13.31051;354.8958;358.5379;355.0529
2;6;1773010218018;0.2679445;1.063676;-13.31058;354.8801;358.4984;355.0296
2;6;1773010218072;0.2680064;1.063668;-13.31055;354.8858;358.4965;355.0223
2;6;1773010218129;0.2681178;1.063748;-13.31058;354.8628;358.5429;354.9683
2;6;1773010218184;0.2681935;1.063798;-13.31054;354.8107;358.5485;354.9912
2;6;1773010218239;0.2682352;1.063811;-13.31061;354.8772;358.5473;354.9869
2;6;1773010218294;0.2681531;1.063833;-13.31068;354.8369;358.502;354.9906
2;6;1773010218351;0.2681792;1.063925;-13.31068;354.8131;358.4466;354.9765
2;6;1773010218407;0.2682821;1.063885;-13.31067;354.8286;358.4896;354.9805
2;6;1773010218462;0.2684184;1.063881;-13.31059;354.8081;358.535;355.0349
2;6;1773010218517;0.2683037;1.063868;-13.31052;354.8299;358.5503;354.9476
2;6;1773010218572;0.2682847;1.063898;-13.31041;354.8463;358.5336;354.9835
2;6;1773010218628;0.2682216;1.063872;-13.31041;354.8568;358.5312;354.9598
2;6;1773010218684;0.2682236;1.063884;-13.31042;354.853;358.5184;354.9778
2;6;1773010218797;0.2682217;1.063899;-13.31039;354.832;358.5373;354.9868
2;6;1773010218850;0.2681414;1.063917;-13.31047;354.8193;358.5768;355.0131
2;6;1773010218906;0.2682258;1.063845;-13.31041;354.8423;358.6076;355.0291
2;6;1773010218961;0.2682666;1.063891;-13.31032;354.8404;358.653;355.0055
2;6;1773010219017;0.2684891;1.063848;-13.31015;354.8627;358.7371;354.9467
2;6;1773010219072;0.2688074;1.063645;-13.31004;354.9679;358.8429;354.9214
2;6;1773010219127;0.2693421;1.063542;-13.30992;354.9875;359.1239;354.8412
2;6;1773010219184;0.2700976;1.063391;-13.3097;355.0287;359.4268;354.7643
2;6;1773010219238;0.2710643;1.063084;-13.30961;355.2184;359.9308;354.6771
2;6;1773010219294;0.2726191;1.062756;-13.30948;355.3095;0.7424997;354.6969
2;6;1773010219349;0.2741147;1.062433;-13.30945;355.4268;1.604638;354.6482
2;6;1773010219405;0.2755031;1.062174;-13.30943;355.5875;2.481067;354.5933
2;6;1773010219461;0.2767619;1.061919;-13.30962;355.6793;3.282284;354.5192
2;6;1773010219518;0.2779316;1.061783;-13.3098;355.732;3.972146;354.4703
2;6;1773010219573;0.2788114;1.061701;-13.30989;355.7367;4.351505;354.3952
2;6;1773010219627;0.2790531;1.061617;-13.31014;355.8174;4.230384;354.2991
2;6;1773010219684;0.2788408;1.061776;-13.31014;355.7457;3.904695;354.1621
2;6;1773010219811;0.2788467;1.061992;-13.31018;355.7027;3.940788;354.1945
2;6;1773010219864;0.2795302;1.062054;-13.31034;355.6825;4.198554;354.09
2;6;1773010219920;0.2793712;1.062148;-13.31042;355.6999;4.213683;354.1136
2;6;1773010219975;0.2791881;1.062254;-13.31037;355.6515;4.150905;354.1233
2;6;1773010220030;0.2789826;1.062415;-13.31032;355.6068;4.080532;354.153
2;6;1773010220087;0.2787914;1.062431;-13.31025;355.6368;4.040131;354.1713
2;6;1773010220141;0.2787439;1.062491;-13.31011;355.6094;4.051303;354.1897
2;6;1773010220197;0.27862;1.0625;-13.31007;355.6545;4.03767;354.1942
2;6;1773010220252;0.2785816;1.06243;-13.31004;355.6877;3.981618;354.1992
2;6;1773010220309;0.2784394;1.062417;-13.31007;355.6757;3.947603;354.1897
2;6;1773010220364;0.2784736;1.062435;-13.31004;355.6398;3.942639;354.2052
2;6;1773010220419;0.2784359;1.062465;-13.31014;355.6065;3.940108;354.2174
2;6;1773010220475;0.2783472;1.062526;-13.31023;355.583;3.877363;354.2178
2;6;1773010220531;0.2782479;1.062554;-13.31027;355.5659;3.808457;354.2044
2;6;1773010220585;0.278174;1.062508;-13.31024;355.58;3.744057;354.2331
2;6;1773010220641;0.2781503;1.06249;-13.31024;355.583;3.662195;354.2054
2;6;1773010220697;0.2780078;1.062506;-13.31022;355.5682;3.632392;354.2229
2;6;1773010220824;0.27783;1.062536;-13.3101;355.5617;3.595026;354.2334
2;6;1773010220878;0.2776939;1.062615;-13.31013;355.5171;3.483775;354.2383
2;6;1773010220934;0.2775886;1.062708;-13.31009;355.4878;3.437417;354.2428
2;6;1773010220989;0.2775882;1.062666;-13.31015;355.4996;3.425274;354.2627
2;6;1773010221044;0.2773503;1.06271;-13.31001;355.4571;3.390954;354.2494
2;6;1773010221100;0.2771747;1.062607;-13.31006;355.5164;3.327861;354.2852
2;6;1773010221156;0.2770579;1.062533;-13.31001;355.5302;3.289054;354.2912
2;6;1773010221211;0.2769102;1.062529;-13.30997;355.5231;3.228793;354.2757
2;6;1773010221267;0.2766235;1.062564;-13.30998;355.5308;3.099925;354.3185
2;6;1773010221322;0.2763355;1.06265;-13.31004;355.4932;2.970225;354.3289
2;6;1773010221378;0.2761025;1.06269;-13.31005;355.4366;2.857523;354.3537
2;6;1773010221434;0.2759485;1.062769;-13.3101;355.4147;2.720455;354.388
2;6;1773010221489;0.2758234;1.062763;-13.31006;355.4019;2.634357;354.3743
2;6;1773010221543;0.2758075;1.062786;-13.30996;355.3722;2.594492;354.429
2;6;1773010221600;0.2757816;1.062806;-13.30992;355.4017;2.597499;354.4072
2;6;1773010221656;0.2756511;1.062715;-13.30986;355.432;2.570653;354.4667
2;6;1773010221711;0.2755346;1.062869;-13.31002;355.3914;2.52463;354.4667
2;6;1773010221824;0.2753415;1.062987;-13.31017;355.3579;2.474813;354.4753
2;6;1773010221877;0.2751572;1.063109;-13.31022;355.2621;2.323994;354.4959
2;6;1773010221934;0.2749818;1.063167;-13.31021;355.277;2.254792;354.509
2;6;1773010221988;0.2747811;1.063064;-13.31025;355.2878;2.207811;354.5234
2;6;1773010222043;0.2746412;1.063088;-13.31014;355.2779;2.179849;354.5266
2;6;1773010222100;0.2745899;1.063002;-13.31014;355.3118;2.173421;354.5307
2;6;1773010222156;0.2745032;1.063042;-13.31012;355.2927;2.155483;354.5392
2;6;1773010222211;0.2744146;1.063058;-13.3101;355.2839;2.129965;354.5565
2;6;1773010222267;0.274347;1.063132;-13.31011;355.2899;2.105944;354.5995
2;6;1773010222323;0.2742048;1.063099;-13.31022;355.2866;2.079262;354.6259
2;6;1773010222378;0.274084;1.063131;-13.31026;355.2604;2.085399;354.6104
2;6;1773010222434;0.2739626;1.063269;-13.31019;355.2335;2.064535;354.6375
2;6;1773010222490;0.273897;1.063223;-13.31024;355.2854;2.045418;354.6593
2;6;1773010222544;0.2738675;1.063258;-13.31024;355.2706;2.035163;354.6585
2;6;1773010222600;0.2738692;1.063354;-13.31023;355.2357;2.021733;354.6687
2;6;1773010222656;0.2738169;1.063367;-13.31026;355.2644;2.014643;354.6796
2;6;1773010222712;0.2737995;1.063324;-13.31014;355.2346;2.004443;354.6877
2;6;1773010222824;0.2737171;1.06325;-13.31013;355.2634;2.00291;354.6751
2;6;1773010222878;0.2736087;1.063187;-13.31006;355.2896;1.986151;354.6738
2;6;1773010222934;0.2735655;1.063208;-13.31008;355.2822;1.991942;354.6891
2;6;1773010222989;0.2734842;1.063268;-13.31013;355.2555;2.003033;354.696
2;6;1773010223044;0.2733817;1.063341;-13.31022;355.2266;1.982487;354.7074
2;6;1773010223100;0.273246;1.063338;-13.31022;355.2196;1.903754;354.6925
2;6;1773010223155;0.2730758;1.06331;-13.31019;355.2267;1.886999;354.692
2;6;1773010223211;0.2729833;1.063289;-13.31013;355.2347;1.872981;354.7582
2;6;1773010223267;0.2730326;1.063181;-13.31013;355.2509;1.808268;354.7669
2;6;1773010223322;0.2727322;1.063275;-13.31011;355.2663;1.599812;354.6887
2;6;1773010223378;0.2721387;1.063089;-13.31015;355.3086;1.016869;354.6453
2;6;1773010223434;0.2712714;1.063165;-13.31003;355.202;0.4797163;354.6907
2;6;1773010223489;0.2703669;1.063198;-13.30998;355.2201;359.9034;354.6986
2;6;1773010223547;0.2693811;1.063004;-13.31009;355.2377;359.3382;354.7836
2;6;1773010223600;0.2684646;1.06317;-13.31003;355.1515;358.7529;354.8625
2;6;1773010223655;0.2672412;1.06306;-13.30995;355.1785;358.0351;354.9188
2;6;1773010223711;0.2662847;1.062928;-13.31003;355.2282;357.4691;354.9409
2;6;1773010223838;0.2656353;1.062969;-13.31014;355.1759;357.1857;354.9236
2;6;1773010223892;0.2637275;1.063144;-13.31048;355.0522;356.1772;355.039
2;6;1773010223947;0.2634715;1.063231;-13.31063;355.0042;356.0633;355.0946
2;6;1773010224002;0.2635347;1.063321;-13.31066;354.9807;356.1375;355.0985
2;6;1773010224059;0.2636988;1.063369;-13.31066;354.9622;356.1922;355.0821
2;6;1773010224114;0.2638308;1.063549;-13.3107;354.9341;356.2878;355.0262
2;6;1773010224169;0.2638936;1.063561;-13.31065;354.9763;356.395;354.9727
2;6;1773010224225;0.2639247;1.06348;-13.31071;355.0032;356.3801;355.0877
2;6;1773010224281;0.2638204;1.063485;-13.31067;354.9823;356.285;355.0644
2;6;1773010224336;0.2638089;1.063517;-13.31062;354.9886;356.1994;355.0445
2;6;1773010224392;0.2639616;1.063514;-13.31055;355.0037;356.2423;355.0142
2;6;1773010224447;0.264035;1.06357;-13.31041;354.9849;356.2888;355.0309
2;6;1773010224504;0.2640483;1.063583;-13.31026;355.058;356.338;355.0414
2;6;1773010224558;0.2638646;1.063383;-13.31025;355.1048;356.3309;355.0641
2;6;1773010224614;0.263625;1.063396;-13.31026;355.0803;356.2916;355.0482
2;6;1773010224672;0.2635107;1.063451;-13.31034;355.0285;356.2462;355.1113
2;6;1773010224725;0.263474;1.063514;-13.31035;354.9895;356.2049;355.1215
2;6;1773010224838;0.2635219;1.063567;-13.31045;354.9679;356.1939;355.1054
2;6;1773010224892;0.2635869;1.063777;-13.31065;354.868;356.2364;355.0922
2;6;1773010224948;0.2636766;1.063865;-13.31057;354.8223;356.2247;355.1328
2;6;1773010225003;0.2636726;1.063826;-13.31053;354.8853;356.1863;355.0627
2;6;1773010225059;0.2637415;1.063775;-13.31056;354.8805;356.155;355.1019
2;6;1773010225115;0.2637108;1.063876;-13.31046;354.8444;356.139;355.1042
2;6;1773010225170;0.2637186;1.063822;-13.31044;354.8768;356.1776;355.0931
2;6;1773010225226;0.2636951;1.063802;-13.31032;354.8844;356.2162;355.1261
2;6;1773010225280;0.2635899;1.063826;-13.3102;354.892;356.2302;355.0774
2;6;1773010225336;0.2638319;1.063921;-13.31022;354.92;356.3175;355.1419
2;6;1773010225392;0.2643806;1.063873;-13.31006;354.8895;356.6966;355.2103
2;6;1773010225448;0.2645085;1.063847;-13.31013;354.8802;356.8087;355.1572
2;6;1773010225502;0.2646693;1.063896;-13.31029;354.7796;356.8625;355.1356
2;6;1773010225559;0.2650883;1.063999;-13.31033;354.7421;357.0416;355.225
2;6;1773010225615;0.2655549;1.064083;-13.31033;354.6887;357.2728;355.2096
2;6;1773010225671;0.2657011;1.064117;-13.31055;354.7032;357.3777;355.1617
2;6;1773010225726;0.2657683;1.064076;-13.31076;354.7096;357.3305;355.0669
2;6;1773010225839;0.2655977;1.064134;-13.31056;354.7117;357.2037;355.0911
2;6;1773010225893;0.2656778;1.064009;-13.31047;354.7504;357.1897;355.1002
2;6;1773010225948;0.2658401;1.064054;-13.31036;354.7338;357.2762;355.0832
2;6;1773010226002;0.2659959;1.063977;-13.31026;354.7206;357.3304;355.0847
2;6;1773010226058;0.2658298;1.064025;-13.31022;354.7472;357.3329;355.0978
2;6;1773010226114;0.265666;1.063993;-13.31012;354.7713;357.3307;355.0676
2;6;1773010226170;0.2657601;1.063843;-13.31002;354.8148;357.3382;355.0657
2;6;1773010226225;0.2657802;1.063796;-13.31003;354.8268;357.3766;355.0439
2;6;1773010226281;0.2657819;1.063755;-13.31015;354.8491;357.4255;355.0124
2;6;1773010226337;0.2659328;1.063604;-13.31024;354.8509;357.4636;355.0021
2;6;1773010226391;0.2658708;1.063729;-13.31037;354.8418;357.486;354.993
2;6;1773010226448;0.2658985;1.063807;-13.31051;354.8209;357.4969;354.9839
2;6;1773010226502;0.2658992;1.063843;-13.31055;354.8161;357.5077;354.9833
2;6;1773010226559;0.2659026;1.063818;-13.31063;354.8123;357.5342;354.9384
2;6;1773010226614;0.2659327;1.063874;-13.31064;354.74;357.5504;354.9847
2;6;1773010226669;0.2659049;1.063879;-13.31074;354.7947;357.6095;354.9344
2;6;1773010226726;0.2657866;1.06397;-13.3107;354.7798;357.5889;354.9759
2;6;1773010226853;0.2659718;1.064016;-13.31064;354.7578;357.554;354.9481
2;6;1773010226905;0.2660499;1.064035;-13.31063;354.7432;357.6121;354.9615
2;6;1773010226962;0.2661289;1.064065;-13.31052;354.7758;357.6709;354.9085
2;6;1773010227017;0.2661323;1.064032;-13.31057;354.8053;357.6605;354.9449
2;6;1773010227072;0.2660605;1.064041;-13.31067;354.7844;357.6162;354.9114
2;6;1773010227128;0.2659827;1.064118;-13.31058;354.7516;357.5684;354.9208
2;6;1773010227184;0.2658754;1.064035;-13.31074;354.721;357.527;354.9404
2;6;1773010227238;0.2659077;1.064153;-13.31077;354.6694;357.553;354.9572
2;6;1773010227294;0.2660227;1.064107;-13.31074;354.7189;357.5612;354.9537
2;6;1773010227350;0.2659938;1.064062;-13.31066;354.7617;357.553;354.915
2;6;1773010227406;0.2660283;1.064071;-13.31046;354.7284;357.5458;354.9525
2;6;1773010227461;0.26617;1.063984;-13.31056;354.7955;357.579;354.9457
2;6;1773010227517;0.2662827;1.064044;-13.31051;354.7579;357.5855;354.9621
2;6;1773010227573;0.2662929;1.064201;-13.31063;354.6806;357.5747;354.9315
2;6;1773010227627;0.2663863;1.064146;-13.31074;354.677;357.5932;354.9116
2;6;1773010227683;0.2664784;1.064154;-13.31074;354.6542;357.609;354.9614
2;6;1773010227738;0.2665021;1.064136;-13.3107;354.6813;357.6508;354.8727
2;6;1773010227852;0.2665442;1.064104;-13.3107;354.7096;357.6309;354.9039
2;6;1773010227905;0.2664643;1.064014;-13.31068;354.7638;357.6313;354.8986
2;6;1773010227962;0.2663082;1.064076;-13.31067;354.7579;357.6488;354.9105
2;6;1773010228017;0.2661853;1.064118;-13.31073;354.736;357.6086;354.9384
2;6;1773010228073;0.2660885;1.064102;-13.31083;354.7196;357.5858;354.9313
2;6;1773010228129;0.2660701;1.064152;-13.31078;354.7119;357.5805;354.9469
2;6;1773010228184;0.2661569;1.064249;-13.31089;354.6882;357.5858;354.9382
2;6;1773010228238;0.2661697;1.064233;-13.31073;354.6913;357.597;354.9168
2;6;1773010228294;0.2662271;1.064193;-13.31079;354.6857;357.5711;354.953
2;6;1773010228350;0.2662202;1.064254;-13.31076;354.6663;357.5629;354.9353
2;6;1773010228405;0.2662012;1.064354;-13.31067;354.6546;357.5504;354.9432
2;6;1773010228461;0.2662502;1.06429;-13.31068;354.6811;357.5627;354.9497
2;6;1773010228517;0.2662474;1.064223;-13.31058;354.6697;357.5603;354.9497
2;6;1773010228572;0.2662849;1.064124;-13.31052;354.7318;357.5706;354.9293
2;6;1773010228628;0.2661858;1.064088;-13.31048;354.7585;357.5721;354.9615
2;6;1773010228684;0.2660726;1.064085;-13.3105;354.7511;357.5781;354.9434
2;6;1773010228738;0.2660058;1.064117;-13.31066;354.7237;357.5396;354.9769
2;6;1773010228865;0.265939;1.064137;-13.31073;354.694;357.5381;354.9846
2;6;1773010228919;0.2657621;1.064192;-13.31093;354.6677;357.5362;355.0082
2;6;1773010228976;0.2658393;1.064162;-13.31091;354.671;357.543;354.9898
2;6;1773010229030;0.265906;1.064176;-13.31087;354.6555;357.5307;355.0125
2;6;1773010229086;0.2659631;1.064128;-13.31086;354.7373;357.5287;354.9543
2;6;1773010229142;0.2659375;1.064089;-13.31082;354.7496;357.5094;354.985
2;6;1773010229197;0.2658724;1.064084;-13.31072;354.7409;357.4899;354.9792
2;6;1773010229253;0.265913;1.064091;-13.31067;354.7568;357.4997;354.9757
2;6;1773010229309;0.2658717;1.06402;-13.31066;354.756;357.5343;354.9847
2;6;1773010229364;0.2658854;1.064106;-13.31062;354.7508;357.5694;354.9587
2;6;1773010229420;0.265873;1.064003;-13.31056;354.7893;357.5689;354.9685
2;6;1773010229476;0.2658156;1.063937;-13.31052;354.8061;357.5249;354.9738
2;6;1773010229531;0.2657329;1.063892;-13.31051;354.8091;357.4973;354.9498
2;6;1773010229586;0.2657523;1.063821;-13.31051;354.8097;357.5058;354.9561
2;6;1773010229641;0.2657247;1.06391;-13.31056;354.7964;357.5208;354.9664
2;6;1773010229698;0.2656723;1.063923;-13.31058;354.78;357.4966;354.957
2;6;1773010229753;0.2656328;1.063879;-13.31063;354.7707;357.5035;354.966
2;6;1773010229866;0.2656719;1.063844;-13.31068;354.7721;357.516;354.9486
2;6;1773010229920;0.2657337;1.063967;-13.31074;354.7558;357.5374;354.8781
2;6;1773010229975;0.265778;1.06393;-13.31079;354.7479;357.5084;354.9453
2;6;1773010230030;0.2657479;1.063948;-13.31081;354.7369;357.4319;354.9152
2;6;1773010230086;0.2657617;1.06394;-13.31072;354.7487;357.4148;354.891
2;6;1773010230141;0.2658021;1.06386;-13.31067;354.7545;357.4557;354.9602
2;6;1773010230197;0.2655805;1.063939;-13.31062;354.7553;357.3982;354.9253
2;6;1773010230253;0.2653124;1.064024;-13.31059;354.765;357.1819;355.0016
2;6;1773010230309;0.2645591;1.06409;-13.31066;354.7386;356.7534;354.9669
2;6;1773010230364;0.2636788;1.063987;-13.31064;354.7983;356.3245;355.0984
2;6;1773010230419;0.2625459;1.063948;-13.31071;354.7964;355.6667;355.1482
2;6;1773010230474;0.2608636;1.063896;-13.31092;354.7822;354.7538;355.1962
2;6;1773010230531;0.2594246;1.063764;-13.31101;354.7813;353.9474;355.3558
2;6;1773010230585;0.2581458;1.063688;-13.31109;354.7818;353.2421;355.4962
2;6;1773010230642;0.2569374;1.063605;-13.31119;354.796;352.4958;355.53
2;6;1773010230698;0.2557536;1.063563;-13.31128;354.8074;351.8748;355.5918
2;6;1773010230754;0.2549462;1.06353;-13.31139;354.7951;351.5938;355.753
2;6;1773010230865;0.2552079;1.063556;-13.31137;354.7935;351.8201;355.8008
2;6;1773010230920;0.2552782;1.063658;-13.31143;354.7807;352.0447;355.8645
2;6;1773010230975;0.2552594;1.063857;-13.31153;354.7307;351.9945;355.9055
2;6;1773010231030;0.2551145;1.063984;-13.31147;354.7137;351.8249;355.8651
2;6;1773010231086;0.2550553;1.063994;-13.31152;354.7388;351.7288;355.8824
2;6;1773010231142;0.2552238;1.064057;-13.31152;354.71;351.7744;355.8569
2;6;1773010231197;0.2555299;1.06413;-13.31145;354.6953;351.9594;355.8241
2;6;1773010231253;0.255698;1.064159;-13.31151;354.6649;352.1193;355.8227
2;6;1773010231307;0.2557242;1.064161;-13.3116;354.6555;352.1567;355.8155
2;6;1773010231364;0.2558005;1.064276;-13.31162;354.6262;352.116;355.7936
2;6;1773010231419;0.2558499;1.064271;-13.31161;354.6432;352.1157;355.8066
2;6;1773010231475;0.2559584;1.064244;-13.31155;354.646;352.2049;355.7698
2;6;1773010231530;0.2560776;1.064336;-13.31151;354.6169;352.2519;355.8082
2;6;1773010231586;0.2559855;1.064292;-13.31147;354.6505;352.2891;355.7302
2;6;1773010231641;0.2558931;1.064248;-13.31152;354.6504;352.2682;355.7613
2;6;1773010231698;0.25581;1.064265;-13.31144;354.6224;352.2527;355.7822
2;6;1773010231753;0.2557931;1.064332;-13.31144;354.6129;352.2579;355.7787
2;6;1773010231880;0.2558061;1.06424;-13.3114;354.6278;352.2934;355.7614
2;6;1773010231934;0.2559225;1.064125;-13.31125;354.6999;352.3907;355.754
2;6;1773010231989;0.2559742;1.064091;-13.31115;354.7216;352.4009;355.7296
2;6;1773010232044;0.2559282;1.06417;-13.31119;354.6851;352.429;355.7133
2;6;1773010232100;0.2559563;1.064212;-13.31127;354.6544;352.4485;355.7411
2;6;1773010232156;0.255971;1.064292;-13.31141;354.6218;352.4235;355.727
2;6;1773010232210;0.2559706;1.064292;-13.31148;354.5868;352.4292;355.7171
2;6;1773010232269;0.2559882;1.064249;-13.31144;354.5896;352.4667;355.7105
2;6;1773010232322;0.25612;1.064265;-13.31143;354.6083;352.503;355.6824
2;6;1773010232377;0.2562022;1.064294;-13.31137;354.606;352.5453;355.6492
2;6;1773010232434;0.2563653;1.06435;-13.31135;354.5941;352.5758;355.6169
2;6;1773010232489;0.2564937;1.064283;-13.31137;354.6348;352.6257;355.6411
2;6;1773010232544;0.256663;1.064261;-13.31142;354.6199;352.7098;355.6066
2;6;1773010232600;0.2568988;1.064364;-13.31146;354.579;352.7571;355.5933
2;6;1773010232655;0.2570583;1.064302;-13.31144;354.5921;352.7913;355.5596
2;6;1773010232711;0.2571743;1.064336;-13.3114;354.5573;352.8109;355.5515
2;6;1773010232767;0.2572591;1.064317;-13.31139;354.5734;352.8745;355.4961
2;6;1773010232894;0.2573611;1.064277;-13.31138;354.5976;352.9314;355.5098
2;6;1773010232947;0.2574451;1.0643;-13.31147;354.5903;353.0354;355.5235
2;6;1773010233003;0.2574262;1.06436;-13.31155;354.5435;353.0342;355.5307
2;6;1773010233059;0.2575446;1.064387;-13.31161;354.5114;353.0315;355.5053
2;6;1773010233114;0.2575162;1.064243;-13.31156;354.5251;353.0484;355.5351
2;6;1773010233170;0.2575484;1.064161;-13.31161;354.5639;353.0945;355.5564
2;6;1773010233226;0.2576371;1.064351;-13.31153;354.5035;353.1649;355.5096
2;6;1773010233279;0.2577729;1.064314;-13.31146;354.5359;353.1674;355.4602
2;6;1773010233336;0.2579221;1.064136;-13.31142;354.594;353.125;355.4704
2;6;1773010233391;0.2578848;1.064121;-13.31136;354.588;353.1344;355.429
2;6;1773010233448;0.2580219;1.064225;-13.31132;354.5441;353.1798;355.4748
2;6;1773010233503;0.2581815;1.064113;-13.31139;354.5816;353.23;355.446
2;6;1773010233558;0.2582262;1.064181;-13.3114;354.5544;353.2213;355.4465
2;6;1773010233615;0.2582287;1.064295;-13.31137;354.5285;353.2156;355.4212
2;6;1773010233670;0.2583319;1.064286;-13.31135;354.5288;353.2287;355.4104
2;6;1773010233724;0.2583612;1.064322;-13.31144;354.5366;353.3007;355.3871
2;6;1773010233777;0.2585374;1.064411;-13.31148;354.5299;353.3477;355.3824
2;6;1773010233894;0.2586392;1.064438;-13.31154;354.5018;353.33;355.3676
2;6;1773010233947;0.258498;1.064385;-13.31151;354.5556;353.3193;355.3861
2;6;1773010234002;0.2584959;1.064456;-13.31143;354.5344;353.3632;355.3748
2;6;1773010234059;0.2586446;1.064541;-13.31138;354.5211;353.354;355.3867
2;6;1773010234114;0.2587026;1.064476;-13.31131;354.5764;353.3425;355.2979
2;6;1773010234169;0.2587078;1.064459;-13.31139;354.5442;353.3506;355.344
2;6;1773010234224;0.2586262;1.064545;-13.31142;354.5141;353.3306;355.3551
2;6;1773010234281;0.2586024;1.064542;-13.31141;354.5242;353.3308;355.3423
2;6;1773010234337;0.2586066;1.064519;-13.31126;354.4925;353.346;355.3769
2;6;1773010234391;0.2585003;1.064537;-13.31122;354.5454;353.3556;355.3426
2;6;1773010234447;0.2584659;1.06443;-13.31108;354.576;353.3187;355.376
2;6;1773010234503;0.2583472;1.064401;-13.31107;354.599;353.2934;355.3682
2;6;1773010234559;0.2582833;1.064371;-13.31111;354.5718;353.2894;355.3957
2;6;1773010234614;0.2582249;1.064356;-13.31116;354.5537;353.2669;355.4105
2;6;1773010234670;0.2582193;1.064407;-13.31121;354.5272;353.2492;355.4181
2;6;1773010234726;0.2581873;1.064448;-13.31132;354.4969;353.2368;355.4479
2;6;1773010234780;0.2582893;1.064447;-13.31132;354.4962;353.2635;355.449
2;6;1773010234907;0.2587079;1.064624;-13.31131;354.389;353.464;355.4245
2;6;1773010234960;0.2600885;1.06487;-13.31146;354.2177;354.2359;355.4035
2;6;1773010235017;0.2614111;1.065106;-13.31156;354.0484;355.0112;355.4243
2;6;1773010235073;0.2630279;1.065756;-13.31152;353.7409;355.8589;355.3708
2;6;1773010235128;0.2647;1.066331;-13.31148;353.2411;356.8785;355.368
2;6;1773010235183;0.2663119;1.067152;-13.31162;352.6537;357.7853;355.2334
2;6;1773010235239;0.2673676;1.06771;-13.31201;352.2574;358.4358;355.1574
2;6;1773010235295;0.2682885;1.06813;-13.31244;351.9859;358.8809;355.0819
2;6;1773010235350;0.269112;1.068716;-13.3126;351.654;359.1564;354.9875
2;6;1773010235405;0.2698613;1.06924;-13.31275;351.254;359.4967;354.9764
2;6;1773010235460;0.2704136;1.069705;-13.31273;350.9594;359.8217;354.9437
2;6;1773010235517;0.2707798;1.070008;-13.31268;350.7618;0.07905625;354.9585
2;6;1773010235573;0.2710373;1.070315;-13.31266;350.5351;0.3008421;354.9901
2;6;1773010235628;0.2713731;1.070941;-13.31244;350.1508;0.5459039;354.9701
2;6;1773010235684;0.271457;1.07107;-13.3125;350.0648;0.532925;354.9994
2;6;1773010235738;0.2712845;1.070902;-13.31277;350.1675;0.4368247;354.961
2;6;1773010235794;0.2711694;1.071002;-13.31293;350.0982;0.3372737;355.0062
2;6;1773010235921;0.2710043;1.071078;-13.3129;350.0354;0.3760413;354.9983
2;6;1773010235975;0.2711705;1.070927;-13.31277;350.0954;0.4395233;354.9732
2;6;1773010236031;0.2712536;1.070912;-13.3127;350.1445;0.4412197;354.9433
2;6;1773010236086;0.2712976;1.070757;-13.31268;350.1611;0.4819471;354.933
2;6;1773010236142;0.2713163;1.070725;-13.3127;350.152;0.5237414;354.9186
2;6;1773010236197;0.2711523;1.0708;-13.31274;350.1568;0.5304942;354.9251
2;6;1773010236252;0.271206;1.070922;-13.31289;350.0846;0.5429718;354.9276
2;6;1773010236308;0.2710574;1.071052;-13.31297;350.0239;0.5706664;354.9507
2;6;1773010236365;0.2709823;1.071133;-13.31303;349.9907;0.5695441;354.955
2;6;1773010236419;0.2709231;1.071168;-13.31291;350.0042;0.546473;354.9462
2;6;1773010236475;0.2708603;1.071205;-13.31277;350.0321;0.530593;354.8994
2;6;1773010236531;0.2708565;1.071081;-13.31279;350.1061;0.5117736;354.9208
2;6;1773010236586;0.2709485;1.071029;-13.31266;350.1371;0.5069593;354.9131
2;6;1773010236640;0.2710138;1.071063;-13.31259;350.1528;0.5186874;354.9082
2;6;1773010236697;0.2711341;1.070967;-13.31264;350.1638;0.567643;354.8855
2;6;1773010236753;0.2712402;1.071013;-13.31267;350.1332;0.6230544;354.8814
2;6;1773010236808;0.2714194;1.071047;-13.31272;350.1587;0.7364975;354.8784
2;6;1773010236921;0.2715743;1.07111;-13.31268;350.1286;0.7667046;354.8661
2;6;1773010236976;0.2719191;1.071193;-13.31279;350.0752;0.9012184;354.8474
2;6;1773010237030;0.2719734;1.07132;-13.31278;350.0372;0.9273268;354.8516
2;6;1773010237086;0.2720424;1.07138;-13.3128;349.9798;0.9938159;354.9249
2;6;1773010237142;0.2720778;1.071444;-13.31286;349.9829;1.034124;354.9007
2;6;1773010237197;0.2721447;1.071455;-13.31292;349.972;1.094175;354.8979
2;6;1773010237252;0.2722602;1.071492;-13.3128;349.9535;1.137498;354.8295
2;6;1773010237308;0.2722101;1.071514;-13.31299;349.952;1.104804;354.8561
2;6;1773010237364;0.2722018;1.07155;-13.31296;349.9205;1.111525;354.8658
2;6;1773010237421;0.2721648;1.071691;-13.31287;349.8439;1.104373;354.8797
2;6;1773010237477;0.272145;1.071754;-13.31284;349.8088;1.098238;354.8795
2;6;1773010237532;0.2721306;1.071854;-13.31279;349.7497;1.089777;354.8693
2;6;1773010237589;0.2719939;1.071888;-13.3127;349.8086;1.096074;354.8866
2;6;1773010237644;0.2719968;1.07177;-13.31274;349.8089;1.09301;354.8882
2;6;1773010237698;0.2718994;1.071875;-13.31266;349.7712;1.070915;354.8774
2;6;1773010237754;0.2716989;1.07195;-13.31266;349.7166;1.048474;354.8911
2;6;1773010237810;0.2715006;1.072092;-13.31276;349.6109;0.9990938;354.9218
2;6;1773010237923;0.2715422;1.072262;-13.313;349.543;0.9778796;354.9182
2;6;1773010237977;0.2714402;1.072808;-13.31332;349.2553;0.8942099;354.884
2;6;1773010238033;0.2714753;1.073016;-13.31343;349.1051;0.8333542;354.8249
2;6;1773010238088;0.2714412;1.073159;-13.31354;349.0308;0.7694598;354.7744
2;6;1773010238144;0.2713353;1.073164;-13.31363;348.9567;0.6575438;354.8041
2;6;1773010238198;0.2711542;1.073414;-13.3137;348.8104;0.5734321;354.7356
2;6;1773010238255;0.2711261;1.073594;-13.31381;348.709;0.3949854;354.6907
2;6;1773010238311;0.2709836;1.073653;-13.31383;348.6002;0.2208115;354.6881
2;6;1773010238366;0.2708035;1.073837;-13.31395;348.5767;0.1166058;354.546
2;6;1773010238421;0.2708504;1.073644;-13.31408;348.6546;0.09662636;354.5402
2;6;1773010238477;0.2709301;1.073596;-13.31403;348.6608;0.1058361;354.5055
2;6;1773010238533;0.2708596;1.073589;-13.31387;348.7077;0.1104051;354.487
2;6;1773010238589;0.2707695;1.073467;-13.31384;348.7316;0.09030904;354.483
2;6;1773010238644;0.2706176;1.073469;-13.3138;348.7506;0.006243268;354.4744
2;6;1773010238698;0.2705008;1.073422;-13.31388;348.7795;359.9182;354.4745
2;6;1773010238755;0.2704848;1.073355;-13.3139;348.7961;359.9089;354.4819
2;6;1773010238811;0.2705434;1.073363;-13.31389;348.7596;0.006849247;354.4946
2;6;1773010238923;0.2705986;1.073393;-13.31387;348.7779;0.07685704;354.4699
2;6;1773010238977;0.2708432;1.073316;-13.31401;348.8001;0.1817546;354.4785
2;6;1773010239032;0.2708958;1.073372;-13.3139;348.7682;0.1102285;354.4467
2;6;1773010239088;0.2709321;1.073257;-13.31391;348.8008;0.0711951;354.4558
2;6;1773010239143;0.2710262;1.073244;-13.31381;348.8415;0.1054354;354.438
2;6;1773010239199;0.2711231;1.073213;-13.31373;348.9084;0.1440475;354.4487
2;6;1773010239254;0.271138;1.073146;-13.31366;348.9374;0.1845682;354.4383
2;6;1773010239310;0.2709889;1.073075;-13.31373;348.9631;0.1432548;354.4316
2;6;1773010239366;0.2708362;1.072924;-13.31379;348.9912;0.0955498;354.4445
2;6;1773010239422;0.2707184;1.072988;-13.31378;348.952;0.04226959;354.4697
2;6;1773010239477;0.2706679;1.073029;-13.31379;348.9657;0.009273414;354.4698
2;6;1773010239534;0.2707417;1.07303;-13.31382;348.9788;0.01448847;354.4849
2;6;1773010239588;0.270791;1.073142;-13.31385;348.9559;0.06442806;354.4709
2;6;1773010239643;0.2709782;1.073229;-13.31383;348.9437;0.08747494;354.437
2;6;1773010239699;0.2710316;1.073329;-13.31388;348.9574;0.09936108;354.4462
2;6;1773010239754;0.2711422;1.073341;-13.31393;348.9163;0.09794784;354.4272
2;6;1773010239810;0.2712132;1.073409;-13.31392;348.8825;0.06942178;354.398
2;6;1773010239936;0.2711482;1.073386;-13.31379;348.9041;0.08030483;354.4195
2;6;1773010239991;0.2711175;1.073459;-13.31352;348.9558;0.08814552;354.4245
2;6;1773010240046;0.2710122;1.073362;-13.31357;348.9874;0.08010656;354.4103
2;6;1773010240101;0.2708521;1.073498;-13.31349;348.9829;0.04702568;354.4185
2;6;1773010240157;0.2707382;1.073493;-13.31357;348.9568;0.03585221;354.4297
2;6;1773010240214;0.2705824;1.073559;-13.31364;348.9058;0.01382716;354.4883
2;6;1773010240268;0.2704411;1.073601;-13.31366;348.8696;-0.00549646;354.4865
2;6;1773010240324;0.2704858;1.07361;-13.31357;348.8681;359.9755;354.5125
2;6;1773010240379;0.2704298;1.073565;-13.31352;348.8814;359.9869;354.4895
2;6;1773010240436;0.2705185;1.073599;-13.31355;348.8481;359.9787;354.5179
2;6;1773010240491;0.2705741;1.073616;-13.31354;348.8774;0.0004462071;354.4745
2;6;1773010240546;0.2706198;1.073519;-13.31352;348.8752;0.001854723;354.5111
2;6;1773010240601;0.2706595;1.073631;-13.31341;348.8213;0.000977385;354.5019
2;6;1773010240657;0.2706234;1.073547;-13.31353;348.8329;0.02942198;354.4901
2;6;1773010240713;0.2706631;1.07346;-13.31349;348.8315;0.05536915;354.511
2;6;1773010240768;0.2707052;1.073558;-13.31334;348.8454;0.09367665;354.4841
2;6;1773010240824;0.2707524;1.073489;-13.31341;348.896;0.1050208;354.505
2;6;1773010240951;0.270684;1.073492;-13.31343;348.8973;0.1218995;354.52
2;6;1773010241004;0.2706935;1.073453;-13.31343;348.8984;0.1787377;354.5458
2;6;1773010241060;0.2706828;1.073505;-13.31344;348.8708;0.200046;354.5493
2;6;1773010241116;0.2706302;1.073528;-13.31348;348.8505;0.2188112;354.5666
2;6;1773010241172;0.2706281;1.073449;-13.31346;348.8999;0.2382265;354.578
2;6;1773010241227;0.2706475;1.073419;-13.31339;348.9236;0.2631065;354.5408
2;6;1773010241282;0.2705476;1.073435;-13.31334;348.8842;0.2645918;354.5771
2;6;1773010241337;0.2705448;1.073436;-13.31334;348.9382;0.3090329;354.5277
2;6;1773010241394;0.270603;1.073372;-13.31337;348.9342;0.2910051;354.5655
2;6;1773010241450;0.270668;1.073423;-13.31341;348.8947;0.263447;354.5384
2;6;1773010241505;0.2707778;1.073489;-13.31354;348.8611;0.2641723;354.528
2;6;1773010241560;0.2707789;1.073446;-13.31362;348.8504;0.2723449;354.5486
2;6;1773010241616;0.2707514;1.073507;-13.31364;348.8262;0.3143247;354.4952
2;6;1773010241673;0.2707168;1.073411;-13.31367;348.8795;0.2959023;354.5247
2;6;1773010241727;0.2706825;1.073326;-13.31366;348.9052;0.266565;354.5184
2;6;1773010241782;0.2705074;1.073316;-13.31345;348.9327;0.2390951;354.5201
2;6;1773010241838;0.2704465;1.073233;-13.31363;348.9486;0.2140692;354.5354
2;6;1773010241964;0.2704327;1.073266;-13.31368;348.9615;0.2054651;354.5437
2;6;1773010242018;0.2704259;1.073237;-13.31373;348.9862;0.1890292;354.5398
2;6;1773010242074;0.2705475;1.07325;-13.31369;348.9411;0.1864459;354.5465
2;6;1773010242130;0.2707947;1.073271;-13.31366;348.9707;0.2224708;354.4761
2;6;1773010242185;0.2707037;1.073172;-13.31348;349.0032;0.1993847;354.5291
2;6;1773010242241;0.2708385;1.073206;-13.31363;348.9998;0.1454937;354.5023
2;6;1773010242296;0.2707978;1.073202;-13.31337;349.0148;0.130972;354.4897
2;6;1773010242352;0.270904;1.073166;-13.31332;349.0557;0.1920138;354.5218
2;6;1773010242407;0.2710545;1.073136;-13.31327;349.0685;0.2674931;354.4631
2;6;1773010242463;0.2711922;1.07311;-13.31317;349.0932;0.2695728;354.4868
2;6;1773010242518;0.2711699;1.07314;-13.31323;349.0714;0.2858728;354.4581
2;6;1773010242574;0.2711023;1.073159;-13.31322;349.0355;0.2720987;354.4522
2;6;1773010242630;0.2709755;1.073249;-13.31342;349.0173;0.2752388;354.4787
2;6;1773010242685;0.2708947;1.073286;-13.31341;348.989;0.2601832;354.4935
2;6;1773010242740;0.2707836;1.073224;-13.31342;349.0158;0.2454282;354.4964
2;6;1773010242797;0.2707486;1.073158;-13.3134;349.0309;0.2343311;354.5036
2;6;1773010242851;0.2706238;1.0732;-13.31314;349.0295;0.2122276;354.5439
2;6;1773010242978;0.2706294;1.073066;-13.31334;349.0878;0.2028017;354.5225
2;6;1773010243033;0.2704669;1.073034;-13.3133;349.0892;0.1402093;354.5258
2;6;1773010243088;0.2703511;1.072937;-13.31328;349.1372;0.08699056;354.5477
2;6;1773010243144;0.2703314;1.07284;-13.31319;349.1579;0.07245321;354.598
2;6;1773010243199;0.270356;1.072787;-13.31315;349.19;0.1042924;354.5726
2;6;1773010243254;0.2702809;1.072668;-13.31294;349.2662;0.1010506;354.5911
2;6;1773010243309;0.2702598;1.072478;-13.31289;349.3685;0.07618782;354.5532
2;6;1773010243367;0.270115;1.072326;-13.31292;349.3921;0.04087995;354.5907
2;6;1773010243420;0.2699841;1.072327;-13.31296;349.3909;0.04054873;354.6326
2;6;1773010243476;0.26984;1.072348;-13.31303;349.3931;-0.004318268;354.6268
2;6;1773010243530;0.2697317;1.072318;-13.31313;349.3921;359.9344;354.6461
2;6;1773010243586;0.2696066;1.072359;-13.31315;349.3965;359.9359;354.6466
2;6;1773010243641;0.269744;1.072483;-13.31311;349.3279;359.9549;354.6739
2;6;1773010243697;0.2699639;1.072494;-13.31318;349.3564;359.9919;354.5883
2;6;1773010243754;0.2700753;1.072436;-13.31323;349.3545;-0.002740394;354.6006
2;6;1773010243808;0.2701645;1.07253;-13.31321;349.3394;359.9905;354.5892
2;6;1773010243864;0.2701827;1.07265;-13.3131;349.3276;359.992;354.5927
2;6;1773010243991;0.2700866;1.072576;-13.31295;349.3777;359.9909;354.5917
2;6;1773010244045;0.2701428;1.072384;-13.3129;349.4551;359.988;354.6154
2;6;1773010244101;0.2699235;1.072293;-13.31284;349.473;359.9738;354.6363
2;6;1773010244156;0.2698011;1.072283;-13.31292;349.4534;359.956;354.6529
2;6;1773010244211;0.2696818;1.072235;-13.31304;349.45;359.9461;354.6757
2;6;1773010244267;0.2695445;1.072255;-13.31311;349.4089;359.9248;354.6659
2;6;1773010244322;0.2695598;1.07239;-13.31311;349.3436;359.8968;354.6726
2;6;1773010244379;0.2697034;1.072422;-13.31335;349.3466;359.8879;354.6363
2;6;1773010244434;0.2697959;1.072521;-13.31325;349.3094;359.9159;354.6674
2;6;1773010244488;0.2700135;1.072562;-13.31333;349.344;359.9912;354.5641
2;6;1773010244545;0.2701593;1.072511;-13.31336;349.3709;-0.003054762;354.5817
2;6;1773010244599;0.2701662;1.072614;-13.31327;349.334;359.985;354.5533
2;6;1773010244655;0.2702285;1.072618;-13.31329;349.3465;359.9597;354.5509
2;6;1773010244712;0.2703798;1.072532;-13.31331;349.3282;359.9925;354.5634
2;6;1773010244767;0.270436;1.072592;-13.31328;349.303;0.05303723;354.5066
2;6;1773010244822;0.270386;1.072554;-13.31341;349.3068;0.06736648;354.5204
2;6;1773010244878;0.2703225;1.072558;-13.31346;349.314;0.07090185;354.5059
2;6;1773010245006;0.2702275;1.072623;-13.31338;349.3287;0.06745174;354.52
2;6;1773010245059;0.2702152;1.072648;-13.31334;349.3284;0.06413656;354.5366
2;6;1773010245115;0.2703328;1.072624;-13.31342;349.3302;0.06601191;354.5417
2;6;1773010245169;0.2704189;1.072726;-13.31332;349.3231;0.08923562;354.5131
2;6;1773010245225;0.2704541;1.072796;-13.3132;349.3086;0.1220621;354.5075
2;6;1773010245281;0.2705193;1.072707;-13.31324;349.3779;0.1431045;354.536
2;6;1773010245336;0.2705469;1.07271;-13.31331;349.3454;0.1406215;354.5219
2;6;1773010245392;0.2704835;1.072805;-13.31326;349.2968;0.1174022;354.4911
2;6;1773010245447;0.2706545;1.072776;-13.31321;349.3044;0.1555667;354.4787
2;6;1773010245502;0.2708429;1.072802;-13.31321;349.2606;0.1889963;354.4919
2;6;1773010245558;0.270913;1.072781;-13.31316;349.3108;0.2318962;354.4606
2;6;1773010245614;0.2709974;1.072711;-13.31304;349.3476;0.2245448;354.4454
2;6;1773010245670;0.2710542;1.072763;-13.31293;349.3561;0.235018;354.401
2;6;1773010245724;0.2710205;1.072701;-13.31296;349.365;0.2534508;354.4205
2;6;1773010245780;0.2709472;1.072684;-13.31298;349.3413;0.2743647;354.4383
2;6;1773010245837;0.270748;1.072743;-13.31294;349.3378;0.2344149;354.4574
2;6;1773010245891;0.2707042;1.072764;-13.31309;349.3154;0.2079231;354.4716
2;6;1773010246018;0.270687;1.072757;-13.31308;349.2807;0.2004881;354.4601
2;6;1773010246074;0.2707176;1.072675;-13.31307;349.2806;0.197952;354.4567
2;6;1773010246128;0.2707683;1.072797;-13.31305;349.241;0.2232799;354.4679
2;6;1773010246184;0.2707902;1.072765;-13.31301;349.233;0.1996972;354.4518
2;6;1773010246240;0.2707688;1.072656;-13.31297;349.2835;0.1701238;354.4523
2;6;1773010246294;0.2708205;1.072721;-13.31293;349.3056;0.1676306;354.4323
2;6;1773010246350;0.2707941;1.072626;-13.31284;349.3599;0.1637464;354.4623
2;6;1773010246405;0.2707255;1.072464;-13.31275;349.4291;0.1688909;354.4254
2;6;1773010246461;0.2706881;1.072364;-13.31274;349.4528;0.1674428;354.4086
2;6;1773010246518;0.2706502;1.072214;-13.31271;349.4736;0.1699253;354.4274
2;6;1773010246573;0.2704982;1.072175;-13.31256;349.4872;0.1472803;354.4679
2;6;1773010246629;0.2704322;1.072235;-13.3126;349.443;0.07100502;354.4775
2;6;1773010246684;0.2704388;1.072239;-13.31271;349.4593;359.9932;354.4772
2;6;1773010246739;0.2705342;1.072221;-13.31295;349.357;359.896;354.4366
2;6;1773010246794;0.2700396;1.072615;-13.31264;349.1748;359.5829;354.4153
2;6;1773010246851;0.2685374;1.072963;-13.31286;349.0227;358.53;354.3002
2;6;1773010246905;0.2659086;1.073238;-13.31321;348.8646;357.0151;354.1738
2;6;1773010247033;0.2643035;1.073595;-13.31331;348.6772;355.7451;354.2538
2;6;1773010247087;0.2605694;1.074099;-13.31383;348.2744;353.1717;354.3148
2;6;1773010247141;0.2593732;1.074191;-13.31419;348.2071;352.5886;354.3736
2;6;1773010247198;0.258405;1.074086;-13.31425;348.2183;351.9846;354.4217
2;6;1773010247253;0.2572487;1.07373;-13.31475;348.3866;351.5533;354.3737
2;6;1773010247309;0.2565125;1.073885;-13.31464;348.2699;351.2706;354.5134
2;6;1773010247365;0.2561754;1.074062;-13.31458;348.23;351.1353;354.6089
2;6;1773010247419;0.2561399;1.074014;-13.31451;348.2449;351.1725;354.6278
2;6;1773010247475;0.2561509;1.073902;-13.31444;348.2686;351.2501;354.6182
2;6;1773010247530;0.2563103;1.073838;-13.31464;348.2604;351.2803;354.6297
2;6;1773010247587;0.256238;1.074063;-13.31467;348.2351;351.26;354.5877
2;6;1773010247641;0.256173;1.074243;-13.31467;348.1447;351.1233;354.6149
2;6;1773010247697;0.2560619;1.074404;-13.31483;348.1159;351.0777;354.6187
2;6;1773010247754;0.255934;1.074424;-13.31505;348.1071;351.028;354.6568
2;6;1773010247809;0.2557871;1.074589;-13.3152;347.9922;350.9615;354.6409
2;6;1773010247864;0.2555825;1.07475;-13.31543;347.9557;350.948;354.669
2;6;1773010247920;0.2553779;1.074762;-13.31534;347.9153;350.8215;354.6903
2;6;1773010248047;0.2552582;1.074809;-13.31536;347.9079;350.7572;354.6617
2;6;1773010248100;0.2548608;1.074817;-13.3153;347.8414;350.4586;354.6353
2;6;1773010248155;0.254685;1.074902;-13.3153;347.8152;350.3565;354.6304
2;6;1773010248211;0.2545743;1.074903;-13.31529;347.8141;350.2843;354.6382
2;6;1773010248267;0.2544772;1.074899;-13.31521;347.7726;350.2058;354.6145
2;6;1773010248322;0.2541057;1.074899;-13.31514;347.7784;350.0536;354.6159
2;6;1773010248378;0.253792;1.07489;-13.31511;347.7982;349.8851;354.6045
2;6;1773010248434;0.2535698;1.074973;-13.31514;347.7881;349.7185;354.5932
2;6;1773010248490;0.2534071;1.075072;-13.315;347.7837;349.6085;354.5597
2;6;1773010248544;0.2533129;1.075015;-13.31499;347.7973;349.4994;354.5403
2;6;1773010248600;0.253258;1.075035;-13.31505;347.7576;349.4698;354.5198
2;6;1773010248656;0.2532307;1.075059;-13.31515;347.7562;349.4041;354.5354
2;6;1773010248711;0.2532157;1.075049;-13.31513;347.7365;349.3601;354.5025
2;6;1773010248767;0.2532027;1.075117;-13.31501;347.7161;349.3269;354.453
2;6;1773010248822;0.2532097;1.075032;-13.31505;347.7523;349.2592;354.4309
2;6;1773010248878;0.2531966;1.074909;-13.31505;347.7776;349.2263;354.4028
2;6;1773010248934;0.2530617;1.074985;-13.31498;347.7675;349.1152;354.3477
2;6;1773010249060;0.2530832;1.074925;-13.3152;347.7676;349.0513;354.3197
2;6;1773010249114;0.2527909;1.074956;-13.31532;347.7596;348.9179;354.306
2;6;1773010249170;0.2529756;1.074915;-13.31536;347.8244;349.0377;354.3227
2;6;1773010249226;0.2532531;1.074818;-13.31524;347.8804;349.2842;354.2589
2;6;1773010249280;0.2535502;1.074802;-13.31506;347.8922;349.4747;354.3222
2;6;1773010249337;0.2537205;1.07472;-13.31501;347.9312;349.5835;354.229
2;6;1773010249392;0.2538052;1.07451;-13.31503;347.9685;349.5036;354.2335
2;6;1773010249448;0.2536792;1.074554;-13.31506;347.8828;349.2978;354.2241
2;6;1773010249503;0.2535976;1.074622;-13.31517;347.9194;349.2035;354.2213
2;6;1773010249558;0.2537402;1.074509;-13.31516;347.925;349.1913;354.2161
2;6;1773010249614;0.2538683;1.074541;-13.31507;347.9375;349.2387;354.1442
2;6;1773010249671;0.2539144;1.074484;-13.31513;348.0216;349.317;354.1561
2;6;1773010249724;0.2538614;1.074347;-13.31506;348.0512;349.3629;354.137
2;6;1773010249780;0.2538056;1.074428;-13.31508;348.0589;349.3576;354.1177
2;6;1773010249836;0.2537304;1.07427;-13.3151;348.0888;349.3487;354.1533
2;6;1773010249892;0.2537555;1.074261;-13.31508;348.0953;349.373;354.1516
2;6;1773010249948;0.2537923;1.074226;-13.31509;348.1012;349.3723;354.125
2;6;1773010250060;0.2537639;1.074198;-13.31501;348.1269;349.3515;354.1027
2;6;1773010250114;0.2538529;1.07408;-13.31489;348.17;349.3782;354.0498
2;6;1773010250170;0.2538901;1.07415;-13.31476;348.1923;349.4083;353.9951
2;6;1773010250225;0.2539959;1.074054;-13.31479;348.262;349.4303;353.98
2;6;1773010250281;0.2540559;1.073996;-13.31485;348.2708;349.5024;353.9369
2;6;1773010250336;0.254097;1.074084;-13.31489;348.2328;349.5209;353.9284
2;6;1773010250392;0.2541893;1.074063;-13.31496;348.2505;349.5146;353.8936
2;6;1773010250448;0.2541969;1.074075;-13.31501;348.2135;349.5393;353.8968
2;6;1773010250503;0.2546425;1.074328;-13.31484;348.0618;349.8431;353.8623
2;6;1773010250558;0.2572213;1.074159;-13.31457;348.0771;351.5212;354.0145
2;6;1773010250614;0.2591556;1.074008;-13.31457;348.3201;352.9708;353.9957
2;6;1773010250670;0.2605884;1.073984;-13.31461;348.3881;354.0112;353.8933
2;6;1773010250725;0.2617956;1.07378;-13.31468;348.4193;354.7628;353.8259
2;6;1773010250781;0.2634069;1.07348;-13.31454;348.6056;355.4883;353.8851
2;6;1773010250836;0.2649965;1.073056;-13.31456;348.8717;356.4805;353.9169
2;6;1773010250892;0.2667452;1.072292;-13.31435;349.2447;357.3622;353.8351
2;6;1773010250947;0.2682908;1.071728;-13.31415;349.7536;358.3257;353.7216
2;6;1773010251060;0.2692291;1.071068;-13.31391;350.0429;358.7609;353.724
2;6;1773010251114;0.271493;1.069906;-13.3129;350.8811;0.1126909;353.6707
2;6;1773010251170;0.2719057;1.069666;-13.31246;350.8343;359.9529;353.5622
2;6;1773010251226;0.2718444;1.069279;-13.31224;351.0195;359.6859;353.4958
2;6;1773010251281;0.2719244;1.069061;-13.3122;351.1497;359.61;353.5479
2;6;1773010251336;0.2721201;1.069062;-13.31225;351.1495;359.6892;353.5182
2;6;1773010251391;0.2723298;1.06898;-13.31227;351.1467;359.7879;353.5065
2;6;1773010251447;0.2724695;1.068895;-13.31247;351.1243;359.9359;353.3969
2;6;1773010251503;0.2725086;1.068995;-13.31254;351.1232;-0.004534976;353.4213
2;6;1773010251558;0.2724648;1.069113;-13.31265;351.0836;359.9847;353.3945
2;6;1773010251613;0.2723518;1.069259;-13.31261;351.0602;359.9173;353.4046
2;6;1773010251670;0.2722091;1.069292;-13.31252;351.0549;359.8739;353.4267
2;6;1773010251726;0.2721329;1.069335;-13.3124;351.0848;359.8461;353.4477
2;6;1773010251781;0.2721185;1.069465;-13.31231;351.069;359.8502;353.4552
2;6;1773010251837;0.272056;1.069565;-13.31215;351.0626;359.835;353.4034
2;6;1773010251892;0.2720502;1.0696;-13.31213;351.117;359.8193;353.4265
2;6;1773010251947;0.2720344;1.069698;-13.31214;351.0638;359.8341;353.4139
2;6;1773010252074;0.2719575;1.069748;-13.31201;351.0436;359.8339;353.4299
2;6;1773010252127;0.2720374;1.069845;-13.31192;351.0167;359.8978;353.4109
2;6;1773010252183;0.2719922;1.069729;-13.31189;351.0616;359.9138;353.4228
2;6;1773010252238;0.2718699;1.069694;-13.31182;351.0884;359.8878;353.4147
2;6;1773010252294;0.2717552;1.069705;-13.31183;351.0938;359.8334;353.3994
2;6;1773010252351;0.2716745;1.069748;-13.31181;351.0755;359.8152;353.4218
2;6;1773010252405;0.2716046;1.069762;-13.31179;351.0494;359.8106;353.4445
2;6;1773010252461;0.2715122;1.069836;-13.31179;351.0505;359.7906;353.4499
2;6;1773010252517;0.271523;1.069763;-13.31175;351.0573;359.7542;353.4438
2;6;1773010252574;0.2715935;1.069834;-13.31178;351.0662;359.7671;353.4246
2;6;1773010252628;0.2716673;1.069834;-13.31168;351.0514;359.759;353.4621
2;6;1773010252684;0.2716506;1.069843;-13.31163;351.0761;359.7617;353.394
2;6;1773010252740;0.2716273;1.06975;-13.31161;351.0898;359.7057;353.4308
2;6;1773010252796;0.2716175;1.06977;-13.3115;351.0413;359.6861;353.429
2;6;1773010252851;0.2715323;1.069796;-13.31149;351.0141;359.6346;353.4495
2;6;1773010252905;0.2712157;1.069674;-13.31147;351.0218;359.4835;353.4675
2;6;1773010252960;0.2710417;1.069748;-13.31144;350.9972;359.3984;353.4551
2;6;1773010253088;0.2709355;1.069629;-13.31148;351.0571;359.3858;353.4825
2;6;1773010253141;0.2709322;1.069391;-13.31135;351.138;359.4126;353.5158
2;6;1773010253197;0.2709347;1.069289;-13.31141;351.1415;359.3948;353.5027
2;6;1773010253256;0.2707312;1.069267;-13.31158;351.14;359.3028;353.5389
2;6;1773010253308;0.2704758;1.069226;-13.31169;351.1365;359.2418;353.5616
2;6;1773010253364;0.2705211;1.069263;-13.31177;351.143;359.2194;353.5681
2;6;1773010253419;0.2706171;1.069283;-13.3118;351.151;359.2307;353.5223
2;6;1773010253474;0.2706987;1.069361;-13.31178;351.1169;359.2443;353.4963
2;6;1773010253530;0.2707148;1.069361;-13.31181;351.132;359.2692;353.4589
2;6;1773010253587;0.2707079;1.069385;-13.31185;351.1537;359.2466;353.5284
2;6;1773010253641;0.2705792;1.069518;-13.31198;351.1226;359.2202;353.4936
2;6;1773010253696;0.2704824;1.069515;-13.31189;351.14;359.1588;353.4965
2;6;1773010253754;0.2704653;1.06945;-13.31188;351.1766;359.2168;353.4675
2;6;1773010253808;0.2704994;1.069491;-13.31182;351.1554;359.2404;353.49
2;6;1773010253863;0.2704446;1.069423;-13.31178;351.1904;359.2462;353.4993
2;6;1773010253919;0.2703154;1.069396;-13.3117;351.1965;359.2047;353.5027
2;6;1773010253975;0.2702068;1.069402;-13.31175;351.2061;359.1729;353.4875
2;6;1773010254100;0.270282;1.069469;-13.31185;351.1683;359.1817;353.5091
2;6;1773010254157;0.2703413;1.069709;-13.31192;351.0731;359.221;353.5314
2;6;1773010254211;0.2704268;1.069728;-13.31196;351.0793;359.2477;353.5335
2;6;1773010254267;0.2704684;1.069846;-13.31196;351.0537;359.252;353.5092
2;6;1773010254323;0.2706336;1.069963;-13.31215;351.0109;359.2308;353.4653
2;6;1773010254377;0.270617;1.069892;-13.31212;351.06;359.2458;353.4456
2;6;1773010254434;0.2707419;1.069901;-13.31213;351.0498;359.2214;353.4262
2;6;1773010254489;0.270842;1.069975;-13.31204;351.0091;359.2171;353.3973
2;6;1773010254544;0.2709074;1.069942;-13.31191;351.0123;359.2087;353.3877
2;6;1773010254600;0.2709375;1.069932;-13.31173;351.0339;359.2116;353.4083
2;6;1773010254656;0.2708788;1.06984;-13.31153;351.0844;359.2316;353.3864
2;6;1773010254712;0.2708444;1.069595;-13.31147;351.1265;359.2092;353.3975
2;6;1773010254767;0.2706262;1.069634;-13.31145;351.1298;359.1885;353.4067
2;6;1773010254822;0.2704434;1.069544;-13.31146;351.1168;359.179;353.4452
2;6;1773010254878;0.2702552;1.06959;-13.31151;351.076;359.1628;353.481
2;6;1773010254934;0.2701108;1.069633;-13.31159;351.0436;359.1113;353.4998
2;6;1773010254988;0.2700124;1.069638;-13.31159;351.0343;359.0759;353.5377
2;6;1773010255116;0.2702371;1.06968;-13.31178;351.0114;359.1013;353.5252
2;6;1773010255170;0.2703052;1.069664;-13.31168;351.0232;359.1477;353.4951
2;6;1773010255226;0.2702534;1.069605;-13.31181;351.014;359.137;353.5117
2;6;1773010255282;0.2701967;1.069723;-13.31179;350.9579;359.0952;353.5141
2;6;1773010255337;0.2702192;1.069702;-13.31172;350.9841;359.0889;353.5074
2;6;1773010255392;0.2703422;1.069639;-13.31174;350.9879;359.1173;353.5139
2;6;1773010255448;0.2703578;1.069644;-13.31167;351.0246;359.1736;353.4669
2;6;1773010255504;0.2703426;1.069544;-13.31163;351.0599;359.1883;353.48
2;6;1773010255558;0.2702539;1.069567;-13.31157;351.0759;359.1879;353.4858
2;6;1773010255615;0.2701713;1.06962;-13.31153;351.0759;359.1605;353.4983
2;6;1773010255670;0.2701113;1.069694;-13.3116;351.0491;359.1655;353.4987
2;6;1773010255726;0.2701073;1.069736;-13.31169;351.0201;359.1747;353.5116
2;6;1773010255780;0.2700727;1.069795;-13.31177;350.993;359.1884;353.52
2;6;1773010255837;0.2702281;1.069762;-13.31189;351.0021;359.1839;353.5127
2;6;1773010255891;0.2702518;1.069834;-13.312;350.9687;359.169;353.4809
2;6;1773010255948;0.2702854;1.069936;-13.31203;350.9208;359.1744;353.4093
2;6;1773010256003;0.2703235;1.069946;-13.31204;350.9332;359.1971;353.4715
2;6;1773010256131;0.2703387;1.069932;-13.3121;350.9208;359.199;353.4322
2;6;1773010256184;0.2703975;1.069812;-13.31202;350.9485;359.2004;353.4148
2;6;1773010256238;0.2704818;1.06977;-13.31182;350.9776;359.231;353.3556
2;6;1773010256294;0.2705031;1.069665;-13.31184;351.0298;359.2271;353.3902
2;6;1773010256353;0.2704788;1.06956;-13.31185;351.0559;359.2326;353.369
2;6;1773010256405;0.2703811;1.069552;-13.31187;351.0621;359.2225;353.3694
2;6;1773010256461;0.2702791;1.069475;-13.31193;351.0582;359.2229;353.3786
2;6;1773010256516;0.2703123;1.069489;-13.3121;351.0384;359.2249;353.3828
2;6;1773010256573;0.2703567;1.069576;-13.31224;351.0004;359.2161;353.3887
2;6;1773010256628;0.2703329;1.069541;-13.31225;350.9863;359.1977;353.3939
2;6;1773010256684;0.2704277;1.06957;-13.31226;350.9926;359.2169;353.3367
2;6;1773010256738;0.2706467;1.069597;-13.31219;350.9706;359.2479;353.3004
2;6;1773010256794;0.2707834;1.069531;-13.31212;351.0428;359.2697;353.3364
2;6;1773010256850;0.2708242;1.069551;-13.3122;351.0661;359.2586;353.3138
2;6;1773010256907;0.270856;1.069627;-13.31206;351.0417;359.1799;353.2828
2;6;1773010256961;0.27088;1.069587;-13.31204;351.0524;359.2166;353.2738
2;6;1773010257017;0.2709991;1.069621;-13.31196;351.038;359.2735;353.2906
2;6;1773010257130;0.2710825;1.069563;-13.31188;351.0728;359.2972;353.2732
2;6;1773010257183;0.2711176;1.069562;-13.3118;351.1064;359.2822;353.2473
2;6;1773010257239;0.2711442;1.069591;-13.3118;351.0995;359.2647;353.2611
2;6;1773010257294;0.2711108;1.069645;-13.31184;351.0698;359.3007;353.257
2;6;1773010257350;0.2711247;1.069656;-13.31182;351.0529;359.3035;353.2782
2;6;1773010257406;0.271105;1.069632;-13.31177;351.0687;359.3152;353.2824
2;6;1773010257461;0.2711257;1.069694;-13.31172;351.0314;359.3072;353.2779
2;6;1773010257518;0.2711429;1.069731;-13.31168;351.0257;359.3096;353.2339
2;6;1773010257574;0.271186;1.069677;-13.31159;351.0974;359.2895;353.2629
2;6;1773010257629;0.2712367;1.069632;-13.31159;351.0759;359.281;353.2462
2;6;1773010257683;0.2712085;1.069608;-13.31155;351.0654;359.2765;353.2435
2;6;1773010257739;0.2711156;1.069484;-13.31153;351.08;359.2846;353.2651
2;6;1773010257795;0.27118;1.069462;-13.31143;351.074;359.2732;353.2686
2;6;1773010257851;0.2710709;1.069383;-13.31139;351.1199;359.2623;353.2512
2;6;1773010257906;0.2710917;1.069381;-13.31133;351.1365;359.2585;353.2719
2;6;1773010257960;0.2709702;1.069422;-13.31136;351.1209;359.2452;353.2663
2;6;1773010258017;0.2708993;1.069498;-13.31142;351.0938;359.2467;353.2889
2;6;1773010258143;0.2707972;1.069554;-13.31155;351.0591;359.2132;353.2993
2;6;1773010258198;0.2706597;1.069674;-13.31166;351.0191;359.143;353.3367
2;6;1773010258253;0.2707373;1.069596;-13.31173;351.0117;359.1428;353.3033
2;6;1773010258309;0.2707918;1.069614;-13.31175;350.9823;359.1556;353.3295
2;6;1773010258364;0.2708214;1.069674;-13.31176;351.0298;359.1547;353.2881
2;6;1773010258420;0.2707999;1.069583;-13.31178;351.0355;359.1221;353.321
2;6;1773010258476;0.2707708;1.069695;-13.31176;350.9832;359.0778;353.3143
2;6;1773010258530;0.2707834;1.069737;-13.31176;351.0019;359.0602;353.3143
2;6;1773010258586;0.2707293;1.069611;-13.31174;351.0171;359.0717;353.3086
2;6;1773010258642;0.2707778;1.069607;-13.31159;351.0265;359.0747;353.279
2;6;1773010258697;0.2707803;1.069535;-13.31153;351.069;359.0888;353.3102
2;6;1773010258754;0.2706926;1.069462;-13.31145;351.0964;359.0713;353.3122
2;6;1773010258809;0.2705435;1.069442;-13.31143;351.0923;359.0111;353.2847
2;6;1773010258864;0.2705211;1.069389;-13.31154;351.1114;359.0047;353.2743
2;6;1773010258921;0.2704923;1.069421;-13.31166;351.0984;359.0279;353.3062
2;6;1773010258975;0.2704139;1.069479;-13.3117;351.0513;358.994;353.2928
2;6;1773010259030;0.2703819;1.069482;-13.31183;351.029;358.9569;353.2257
2;6;1773010259158;0.2703659;1.069536;-13.31184;351.0591;358.9725;353.2625
2;6;1773010259212;0.2704079;1.069554;-13.31183;351.0413;359.0063;353.2605
2;6;1773010259268;0.2707469;1.069535;-13.31184;351.0507;359.2432;353.2285
2;6;1773010259323;0.2714437;1.069592;-13.31184;350.9907;359.7167;353.2025
2;6;1773010259377;0.2726712;1.069676;-13.31174;350.9654;0.3389359;353.1704
2;6;1773010259433;0.2737629;1.069764;-13.31192;350.9082;0.9278729;353.1396
2;6;1773010259488;0.2748922;1.069867;-13.31206;350.7925;1.528072;353.1616
2;6;1773010259545;0.2755798;1.070002;-13.31227;350.7777;1.846326;353.088
2;6;1773010259601;0.2756122;1.070137;-13.3125;350.7125;1.691032;352.9493
2;6;1773010259655;0.2754074;1.070172;-13.31277;350.6538;1.470467;352.8941
2;6;1773010259711;0.2754975;1.070309;-13.31296;350.5878;1.452917;352.8889
2;6;1773010259767;0.2758668;1.070342;-13.31298;350.5794;1.549551;352.8858
2;6;1773010259822;0.2759108;1.070351;-13.31319;350.5694;1.573456;352.8898
2;6;1773010259878;0.2757773;1.070414;-13.31325;350.5163;1.514008;352.861
2;6;1773010259934;0.275617;1.070464;-13.31313;350.5198;1.45341;352.8923
2;6;1773010259989;0.2755531;1.070445;-13.31307;350.5166;1.435072;352.8772
2;6;1773010260043;0.2754154;1.070448;-13.31301;350.4956;1.399322;352.9305
2;6;1773010260172;0.2753092;1.070474;-13.31288;350.5043;1.367073;352.9169
2;6;1773010260226;0.2753362;1.070636;-13.31294;350.4282;1.273509;352.8944
2;6;1773010260281;0.2754689;1.070577;-13.31302;350.4439;1.284755;352.8554
2;6;1773010260337;0.2755384;1.070579;-13.31299;350.4283;1.290506;352.8669
2;6;1773010260392;0.2755592;1.070477;-13.31285;350.4891;1.298583;352.8263
2;6;1773010260448;0.2755561;1.070417;-13.31269;350.5272;1.24892;352.8252
2;6;1773010260502;0.2753882;1.070314;-13.31265;350.5381;1.194798;352.8151
2;6;1773010260558;0.2751912;1.070298;-13.3126;350.556;1.135715;352.8382
2;6;1773010260614;0.274919;1.070084;-13.31244;350.5677;0.9794531;352.9384
2;6;1773010260669;0.274519;1.069824;-13.31193;350.699;0.3760925;353.1331
2;6;1773010260726;0.273849;1.069388;-13.31119;351.2075;359.6112;352.9977
2;6;1773010260780;0.2735252;1.068714;-13.31048;351.5703;358.9532;353.1987
2;6;1773010260836;0.273748;1.068042;-13.31007;351.8893;358.7276;353.3992
2;6;1773010260891;0.2745041;1.067609;-13.3096;351.8727;358.8927;353.0566
2;6;1773010260947;0.2754517;1.067833;-13.30887;351.4062;359.1755;352.8994
2;6;1773010261004;0.276444;1.067764;-13.30817;351.2533;359.4144;353.1889
2;6;1773010261058;0.277191;1.067998;-13.306;350.7044;359.4837;353.0585
2;6;1773010261171;0.2775296;1.067289;-13.30474;351.509;359.227;352.8889
2;6;1773010261225;0.2807975;1.062235;-13.29761;353.8929;0.4112432;351.991
2;6;1773010261280;0.2812018;1.059288;-13.29291;355.7365;1.188656;352.2596
2;6;1773010261337;0.2809167;1.0552;-13.28793;357.966;1.430515;352.7992
2;6;1773010261392;0.2798952;1.049331;-13.28177;0.8199927;1.250514;352.6893
2;6;1773010261448;0.2789253;1.044463;-13.27541;3.581155;1.115975;352.6943
2;6;1773010261504;0.2779644;1.0395;-13.26818;5.413504;0.9398329;352.9912
2;6;1773010261559;0.2763526;1.033729;-13.26095;8.111772;0.5886523;353.3473
2;6;1773010261614;0.2752165;1.028419;-13.25262;10.28763;359.9406;353.6334
2;6;1773010261671;0.2755518;1.023622;-13.24657;12.89112;358.7845;353.9915
2;6;1773010261725;0.2767118;1.021039;-13.24035;14.13039;358.4373;353.1238
2;6;1773010261780;0.2801979;1.017745;-13.2351;14.91333;358.8278;352.4604
2;6;1773010261837;0.2838877;1.013033;-13.23026;16.24414;358.8727;352.7009
2;6;1773010261892;0.2851789;1.010205;-13.2251;17.44724;358.9508;351.9702
2;6;1773010261946;0.2870254;1.006472;-13.2209;18.81406;359.2574;351.0246
2;6;1773010262002;0.2888631;1.003702;-13.21637;19.70751;359.2301;350.994
2;6;1773010262058;0.2934047;1.000186;-13.21283;21.14275;0.09834468;351.2054
2;6;1773010262170;0.2926566;0.9987655;-13.21073;21.41425;359.5093;351.7667
2;6;1773010262225;0.2937065;0.9973956;-13.20004;20.21181;359.8186;352.6985
2;6;1773010262280;0.2965766;1.000281;-13.19401;20.60793;359.3049;351.7721
2;6;1773010262337;0.2982259;1.001973;-13.18578;19.75791;359.7642;352.3924
2;6;1773010262391;0.2985328;1.003275;-13.17584;18.12312;0.3500918;353.2227
2;6;1773010262448;0.2980265;1.005155;-13.17234;18.24504;0.5651932;352.6498
2;6;1773010262503;0.3012879;1.006905;-13.16653;15.86763;0.5371813;353.632
2;6;1773010262558;0.3023095;1.015421;-13.16001;15.83211;0.1120914;353.7065
2;6;1773010262615;0.300595;1.014563;-13.15841;12.48484;0.7672201;352.9583
2;6;1773010262670;0.3012023;1.018143;-13.15401;11.11529;1.177501;352.0703
2;6;1773010262725;0.3053373;1.02922;-13.15748;9.9518;3.179588;353.2038
2;6;1773010262779;0.3049149;1.024916;-13.15624;9.02002;3.451266;353.1133
2;6;1773010262830;0.3049149;1.024916;-13.15624;9.02002;3.451266;353.1133
2;6;1773010262881;0.3049149;1.024916;-13.15624;9.02002;3.451266;353.1133
2;6;1773010262934;0.3049149;1.024916;-13.15624;9.02002;3.451266;353.1133
2;6;1773010262985;0.3049149;1.024916;-13.15624;9.02002;3.451266;353.1133
2;6;1773010263036;0.3049149;1.024916;-13.15624;9.02002;3.451266;353.1133
2;6;1773010263166;0.3049149;1.024916;-13.15624;9.02002;3.451266;353.1133
2;6;1773010263241;0.294806;1.014668;-13.18736;9.057057;2.669641;358.9138
2;6;1773010263299;0.2118935;1.011225;-13.01245;15.03321;357.8917;358.6606
2;6;1773010263351;0.209054;1.010072;-13.01401;18.11702;356.9526;358.9718
2;6;1773010263420;0.2064289;1.016656;-13.01024;13.52707;356.9994;358.4884
2;6;1773010263472;0.2062844;1.018595;-13.01162;13.01402;357.4724;358.3612
2;6;1773010263527;0.2039942;1.020896;-13.00991;12.80598;356.8436;358.6715
2;6;1773010263581;0.2026454;1.022248;-13.01096;11.23896;357.3763;357.8613
2;6;1773010263637;0.1993606;1.022663;-13.01037;10.55413;356.6849;358.6479
2;6;1773010263694;0.1992233;1.02354;-13.01137;9.973021;356.5768;358.4577
2;6;1773010263749;0.1985101;1.025348;-13.0105;9.03151;357.8806;358.7616
2;6;1773010263804;0.1993951;1.027062;-13.01141;8.037431;358.6385;358.622
2;6;1773010263860;0.2011485;1.024943;-13.0135;8.821057;0.1213241;359.0294
2;6;1773010263915;0.2035126;1.025618;-13.01549;9.443575;1.801963;359.7322
2;6;1773010263970;0.2208268;1.219412;-13.00517;9.734175;3.346539;359.2723
2;6;1773010264027;0.2168593;1.219523;-13.00597;11.06323;2.766011;1.028646
2;6;1773010264181;0.2149059;1.215659;-13.00598;15.00296;3.07285;357.7188
2;6;1773010264235;0.2070013;1.204103;-13.01468;22.4903;1.121965;7.776577
2;6;1773010264292;0.2002549;1.192729;-13.0225;17.7105;0.08123889;5.133811
2;6;1773010264346;0.1929978;1.201174;-13.0174;21.98233;358.6355;10.49187
2;6;1773010264401;0.1841924;1.1977;-13.02468;22.96849;356.3801;13.55432
2;6;1773010264458;0.1728587;1.198061;-13.03175;24.33204;352.2058;15.93412
2;6;1773010264513;0.1573652;1.199666;-13.03622;23.73435;348.0413;15.67872
2;6;1773010264570;0.1494666;1.203793;-13.04615;23.49797;344.5574;15.25591
2;6;1773010264625;0.142216;1.207192;-13.0547;22.38375;341.7344;15.83918
2;6;1773010264681;0.1362107;1.212341;-13.06334;21.09258;339.3062;15.17304
2;6;1773010264737;0.1331355;1.21599;-13.06941;19.9691;335.492;13.92727
2;6;1773010264791;0.132249;1.219243;-13.07712;19.64807;333.4238;11.72454
2;6;1773010264848;0.1308713;1.223718;-13.08303;18.56703;332.2761;9.197519
2;6;1773010264904;0.1299938;1.229184;-13.08596;16.65639;330.8492;8.246701
2;6;1773010264959;0.1295125;1.234214;-13.08912;14.47134;330.1675;7.387748
2;6;1773010265015;0.1282615;1.243989;-13.09136;10.21291;329.3565;6.945893
2;6;1773010265070;0.1309057;1.251278;-13.09378;6.284479;329.1429;6.580993
2;6;1773010265183;0.1335993;1.254252;-13.09423;4.331153;329.2955;6.100462
2;6;1773010265237;0.1472121;1.269807;-13.09563;355.9202;330.1324;3.439045
2;6;1773010265293;0.1530888;1.274992;-13.09574;353.3514;331.2287;2.108186
2;6;1773010265347;0.1571992;1.277262;-13.095;351.2252;332.292;0.8311567
2;6;1773010265404;0.2254551;1.032334;-13.00232;349.2999;1.149916;0.6128034
2;6;1773010265460;0.2285357;1.089971;-13.00357;348.9807;2.204131;0.6016266
2;6;1773010265516;0.2312107;1.091888;-13.00378;348.4252;3.420498;0.01810548
2;6;1773010265570;0.2336514;1.092306;-13.00407;348.1268;4.623395;359.2343
2;6;1773010265627;0.235555;1.094226;-13.00375;347.5652;5.556985;358.5587
2;6;1773010265681;0.2376213;1.09476;-13.00356;346.782;6.22166;358.3336
2;6;1773010265738;0.2400271;1.095108;-13.00241;346.3752;7.235147;357.5584
2;6;1773010265794;0.2426015;1.096231;-12.99916;345.9479;7.823455;357.6984
2;6;1773010265848;0.2448306;1.096904;-12.9957;345.2973;8.732188;356.6631
2;6;1773010265904;0.2459297;1.097533;-12.99217;344.8556;9.532708;355.8293
2;6;1773010265960;0.2455702;1.096503;-12.98827;345.3646;9.533249;356.058
2;6;1773010266017;0.2446707;1.095769;-12.98498;345.5034;9.286534;355.8986
2;6;1773010266071;0.2435886;1.095162;-12.98275;345.5605;8.866174;356.3162
2;6;1773010266184;0.2435558;1.096184;-12.98041;345.4861;8.782859;356.1486
2;6;1773010266238;0.2426715;1.09656;-12.97309;345.4965;8.140091;355.7927
2;6;1773010266293;0.2429603;1.095355;-12.97139;345.8693;7.827564;355.8477
2;6;1773010266349;0.244674;1.094703;-12.97074;346.257;8.282016;355.3799
2;6;1773010266404;0.2474133;1.094956;-12.96984;346.2513;9.32376;354.8473
2;6;1773010266460;0.2500069;1.095585;-12.9682;345.9576;10.32536;354.4868
2;6;1773010266515;0.2521654;1.096304;-12.96577;345.5332;10.47307;354.7437
2;6;1773010266572;0.2540873;1.096282;-12.96285;345.473;10.30308;354.6731
2;6;1773010266626;0.2555072;1.095908;-12.95964;345.8756;9.933579;354.1721
2;6;1773010266681;0.2567998;1.09607;-12.95619;345.9102;9.521243;354.0728
2;6;1773010266737;0.258169;1.096535;-12.95301;345.9358;9.210855;354.105
2;6;1773010266794;0.2595418;1.0964;-12.94944;346.0613;8.880107;354.5771
2;6;1773010266850;0.2611963;1.095728;-12.94603;346.491;8.694185;354.7102
2;6;1773010266906;0.2624951;1.094242;-12.94303;347.4084;8.424261;354.8274
2;6;1773010266959;0.2636485;1.092626;-12.94005;348.4042;7.81289;354.8942
2;6;1773010267016;0.2648249;1.089749;-12.93694;349.6361;7.090516;355.0996
2;6;1773010267072;0.2656566;1.087397;-12.93273;350.9675;6.36743;355.1328
2;6;1773010267184;0.2657999;1.084995;-12.92923;351.9346;6.100763;355.0617
2;6;1773010267239;0.2630532;1.075693;-12.91167;355.4887;4.248876;355.4438
2;6;1773010267294;0.2598254;1.070281;-12.90243;357.2278;2.814256;355.7325
2;6;1773010267350;0.2563168;1.06385;-12.8934;359.3147;1.538667;355.7626
2;6;1773010267405;0.2529568;1.054552;-12.88628;2.441159;359.9212;355.9476
2;6;1773010267460;0.2512395;1.04632;-12.8885;6.751505;358.9805;355.6743
2;6;1773010267516;0.2502742;1.047369;-12.88797;7.375492;358.9302;355.7906
2;6;1773010267572;0.2473575;1.042682;-12.88886;7.523581;358.72;356.2416
2;6;1773010267627;0.2461841;1.037342;-12.88909;8.593234;358.4199;356.7529
2;6;1773010267684;0.2445;1.034705;-12.88779;9.958313;358.2191;357.0185
2;6;1773010267738;0.2364148;1.04051;-12.88789;8.553863;356.5554;358.1844
2;6;1773010267794;0.2305084;1.045075;-12.88309;9.985515;352.0286;359.4478
2;6;1773010267850;0.226726;1.045577;-12.88253;10.96721;350.9836;356.7869
2;6;1773010267905;0.22503;1.050625;-12.88039;13.81372;350.4684;356.1281
2;6;1773010267960;0.222121;1.056765;-12.8797;13.00863;349.9087;355.7617
2;6;1773010268016;0.2168326;1.061682;-12.87718;12.27906;350.0826;355.6645
2;6;1773010268073;0.2148279;1.073796;-12.87014;12.60306;347.6186;355.8564
2;6;1773010268185;0.2121404;1.075263;-12.87029;13.65124;348.0871;355.1331
2;6;1773010268237;0.2018198;1.097283;-12.85574;23.38565;342.2827;353.1974
2;6;1773010268290;0.2018198;1.097283;-12.85574;23.38565;342.2827;353.1974
2;6;1773010268340;0.2018198;1.097283;-12.85574;23.38565;342.2827;353.1974
2;6;1773010268392;0.2018198;1.097283;-12.85574;23.38565;342.2827;353.1974
2;6;1773010268445;0.2018198;1.097283;-12.85574;23.38565;342.2827;353.1974
2;6;1773010268496;0.2018198;1.097283;-12.85574;23.38565;342.2827;353.1974
2;6;1773010268547;0.2018198;1.097283;-12.85574;23.38565;342.2827;353.1974
2;6;1773010268597;0.2018198;1.097283;-12.85574;23.38565;342.2827;353.1974
2;6;1773010268648;0.2018198;1.097283;-12.85574;23.38565;342.2827;353.1974
2;6;1773010268698;0.2018198;1.097283;-12.85574;23.38565;342.2827;353.1974
2;6;1773010268749;0.2018198;1.097283;-12.85574;23.38565;342.2827;353.1974
2;6;1773010268799;0.2018198;1.097283;-12.85574;23.38565;342.2827;353.1974
2;6;1773010268852;0.2018198;1.097283;-12.85574;23.38565;342.2827;353.1974
2;6;1773010268903;0.2018198;1.097283;-12.85574;23.38565;342.2827;353.1974
2;6;1773010268955;0.2018198;1.097283;-12.85574;23.38565;342.2827;353.1974
2;6;1773010269008;0.2018198;1.097283;-12.85574;23.38565;342.2827;353.1974
2;6;1773010269063;0.2018198;1.097283;-12.85574;23.38565;342.2827;353.1974
2;6;1773010269183;0.2018198;1.097283;-12.85574;23.38565;342.2827;353.1974
2;6;1773010269233;0.2018198;1.097283;-12.85574;23.38565;342.2827;353.1974
2;6;1773010269284;0.2018198;1.097283;-12.85574;23.38565;342.2827;353.1974
2;6;1773010269335;0.2018198;1.097283;-12.85574;23.38565;342.2827;353.1974
2;6;1773010269387;0.2018198;1.097283;-12.85574;23.38565;342.2827;353.1974
2;6;1773010269436;0.2018198;1.097283;-12.85574;23.38565;342.2827;353.1974
2;6;1773010269489;0.2018198;1.097283;-12.85574;23.38565;342.2827;353.1974
2;6;1773010269543;0.2018198;1.097283;-12.85574;23.38565;342.2827;353.1974
2;6;1773010269594;0.2018198;1.097283;-12.85574;23.38565;342.2827;353.1974
2;6;1773010269646;0.2018198;1.097283;-12.85574;23.38565;342.2827;353.1974
2;6;1773010269700;0.2018198;1.097283;-12.85574;23.38565;342.2827;353.1974
2;6;1773010269750;0.2018198;1.097283;-12.85574;23.38565;342.2827;353.1974
2;6;1773010269818;0.2018198;1.097283;-12.85574;23.38565;342.2827;353.1974
